Workbook

Sheet MVP Control
A1: SHIELD by Vission — Control del MVP (2 semanas)
A3: Proyecto | B3: SHIELD by Vission | D3: KPI | E3: Valor
A4: Objetivo | B4: Corregir bloqueantes, completar pendientes MVP y liberar a producción | D4: Total tickets | E4: =COUNTA(A12:A30) -> 10
A5: Fecha inicio | B5: 46219 | D5: Cerrados | E5: =COUNTIF(H12:H30,"Cerrado") -> 0
A6: Fecha objetivo | B6: =IF(B5="","",B5+13) -> 46232 | D6: En curso | E6: =COUNTIF(H12:H30,"En análisis")+COUNTIF(H12:H30,"En desarrollo")+COUNTIF(H12:H30,"En pruebas") -> 0
A7: Responsable técnico | B7: Israel | D7: Bloqueados | E7: =COUNTIF(H12:H30,"Bloqueado") -> 0
D8: Avance | E8: =IF(E4=0,0,E5/E4) -> 0
A11: Ticket | B11: Orden | C11: Módulo / Brecha | D11: Prioridad | E11: En alcance | F11: Responsable | G11: Inicio plan | H11: Estado | I11: Fin plan | J11: Fin real | K11: Dependencias | L11: Archivos principales | M11: Qué falta / Acción | N11: Prueba mínima | O11: Resultado prueba | P11: Bloqueo / Decisión | Q11: Evidencia / PR | R11: Observaciones
A12: COR-001 | B12: 1 | C12: Contener /test-css | D12: P0 | E12: Sí | F12: Israel | G12: =IF($B$5="","",$B$5) -> 46219 | H12: Pendiente | I12: =IF(G12="","",G12) -> 46219 | K12: Confirmar si Production corresponde al código actual | L12: frontend/src/app/; configuración Vercel | M12: Confirmar existencia y retirar o bloquear la ruta | N12: GET anónimo 404/redirect + build + rutas principales | O12: Pendiente
A13: COR-002 | B13: 2 | C13: Contener Dashboard simulado | D13: P0 | E13: Sí | F13: Israel | G13: =IF($B$5="","",$B$5+1) -> 46220 | H13: Pendiente | I13: =IF(G13="","",G13+1) -> 46221 | K13: Decisión: retiro, aviso o página institucional | L13: frontend/src/app/dashboard/page.tsx | M13: Eliminar o rotular métricas, actividad y estado simulados | N13: Sin datos falsos; validación por rol y responsive | O13: Pendiente
A14: COR-003 | B14: 3 | C14: Completar CRUD de Empresas | D14: P0 | E14: Sí | F14: Israel | G14: =IF($B$5="","",$B$5+2) -> 46221 | H14: Pendiente | I14: =IF(G14="","",G14+2) -> 46223 | K14: Contrato, modelo, reglas, RFC y alcance empresarial | L14: backend/src/routes/admin.routes.ts; frontend/src/app/admin/*empresa* | M14: Implementar POST, GET individual y PUT/PATCH; conectar UI y errores | N14: Alta, edición, listado, 400/401/403/404/409 | O14: Pendiente
A15: COR-004 | B15: 4 | C15: Carga Masiva end-to-end | D15: P0 | E15: Por confirmar | F15: Israel | G15: =IF($B$5="","",$B$5+4) -> 46223 | H15: Pendiente | I15: =IF(G15="","",G15+2) -> 46225 | K15: Confirmar si entra en el MVP; definir atomicidad, límites y duplicados | L15: frontend/src/app/cliente/carga-masiva/page.tsx; backend/src/routes/cliente.routes.ts | M15: Parser, endpoint, permisos, validación por fila y resumen | N15: CSV válido, inválido, duplicado, rollback/resumen, 401/403 | O15: Pendiente | P15: Decisión de alcance pendiente
A16: COR-005 | B16: 5 | C16: Identidad e impresión por empresa | D16: P0 | E16: Sí | F16: Israel | G16: =IF($B$5="","",$B$5+6) -> 46225 | H16: Pendiente | I16: =IF(G16="","",G16+2) -> 46227 | K16: Depende de CRUD Empresas, logo, textos legales y almacenamiento | L16: frontend/src/app/cliente/clientes/[id]/imprimir/page.tsx; admin.routes.ts | M16: Quitar placeholders/IDs técnicos; integrar identidad y aviso por empresa | N16: PF/PM/FID para dos empresas + impresión | O16: Pendiente
A17: COR-006 | B17: 6 | C17: UX Beneficiario Controlador PF | D17: P1 | E17: Sí | F17: Israel | G17: =IF($B$5="","",$B$5+8) -> 46227 | H17: Pendiente | I17: =IF(G17="","",G17+1) -> 46228 | K17: Preservar contrato canónico y validaciones | L17: frontend/src/app/cliente/registrar-cliente/ClientPage.tsx; validate.ts | M17: Corregir layout, responsive y legibilidad sin cambiar payload | N17: Responsive + aplica sí/no + autocoincidencia + payload igual | O17: Pendiente
A18: COR-007 | B18: 7 | C18: Catálogo nacional de Códigos Postales | D18: P1 | E18: Sí | F18: Israel | G18: =IF($B$5="","",$B$5+9) -> 46228 | H18: Pendiente | I18: =IF(G18="","",G18+1) -> 46229 | K18: Fuente, licencia, normalización, versión y rendimiento | L18: frontend/public/catalogos/internos/codigos_postales_mx.json; frontend/src/lib/codigosPostalesMx.ts | M18: Integrar cobertura nacional y fallback manual | N18: Muestras multiestado, colonias, carga y rendimiento | O18: Pendiente
A19: COR-008 | B19: 8 | C19: Depuración de campos de cliente | D19: P1 | E19: Sí | F19: Israel | G19: =IF($B$5="","",$B$5+10) -> 46229 | H19: Pendiente | I19: =IF(G19="","",G19+1) -> 46230 | K19: Matriz de campos aprobada; preservar históricos | L19: frontend/src/app/cliente/registro, edición, detalle e impresión | M19: Retirar u ocultar campos obsoletos y alinear payloads | N19: PF/PM/FID + round-trip sin pérdida de datos | O19: Pendiente
A20: COR-009 | B20: 9 | C20: Página pública Shield | D20: P1 | E20: Sí | F20: Israel | G20: =IF($B$5="","",$B$5+11) -> 46230 | H20: Pendiente | I20: =IF(G20="","",G20) -> 46230 | K20: Contenido y CTA aprobados; decisión de Dashboard | L20: frontend/src/app/page.tsx; frontend/public/brand/ | M20: Alinear marca, mensaje, CTA, responsive y accesibilidad | N20: Página pública + login + responsive | O20: Pendiente
A21: COR-010 | B21: 10 | C21: Seguridad, regresión y liberación | D21: P0 | E21: Sí | F21: Israel / AGLNET | G21: =IF($B$5="","",$B$5+12) -> 46231 | H21: Pendiente | I21: =IF(G21="","",G21+1) -> 46232 | K21: Todos los tickets anteriores | L21: frontend/src/middleware.ts; backend/src/middleware/; runbook | M21: Ejecutar regresión por rol, builds, UAT, smoke y release | N21: Matriz roles/empresa + build + UAT + smoke Production | O21: Pendiente

Sheet Catálogos
A1: Estados | B1: Prioridades | C1: Sí/No | D1: Tipo de prueba | E1: Resultado | F1: Responsables
A2: Pendiente | B2: P0 | C2: Sí | D2: Build | E2: Pendiente | F2: Israel
A3: En análisis | B3: P1 | C3: No | D3: Caso objetivo | E3: Aprobado | F3: AGLNET
A4: En desarrollo | B4: P2 | C4: Por confirmar | D4: Regresión | E4: Rechazado | F4: Vission
A5: En pruebas | B5: Administrativa | D5: UAT | E5: No aplica | F5: Por asignar
A6: Bloqueado | D6: Smoke Production
A7: Cerrado
A8: Fuera de alcance

Sheet Resumen
A1: Resumen ejecutivo del MVP
A3: Indicador | B3: Valor | D3: Estado | E3: Cantidad
A4: Total tickets | B4: ='MVP Control'!E4 -> 10 | D4: Pendiente | E4: =COUNTIF('MVP Control'!H12:H30,D4) -> 10
A5: Cerrados | B5: ='MVP Control'!E5 -> 0 | D5: En análisis | E5: =COUNTIF('MVP Control'!H12:H30,D5) -> 0
A6: En curso | B6: ='MVP Control'!E6 -> 0 | D6: En desarrollo | E6: =COUNTIF('MVP Control'!H12:H30,D6) -> 0
A7: Bloqueados | B7: ='MVP Control'!E7 -> 0 | D7: En pruebas | E7: =COUNTIF('MVP Control'!H12:H30,D7) -> 0
A8: Avance | B8: ='MVP Control'!E8 -> 0 | D8: Bloqueado | E8: =COUNTIF('MVP Control'!H12:H30,D8) -> 0
D9: Cerrado | E9: =COUNTIF('MVP Control'!H12:H30,D9) -> 0
D10: Fuera de alcance | E10: =COUNTIF('MVP Control'!H12:H30,D10) -> 0
A12: Reglas de operación | B12: Reglas de operación | C12: Reglas de operación | D12: Reglas de operación | E12: Reglas de operación | F12: Reglas de operación | G12: Reglas de operación | H12: Reglas de operación
A13: 1 | B13: Un ticket a la vez.
A14: 2 | B14: No modificar código fuera del ticket activo.
A15: 3 | B15: Cada cierre exige build, caso objetivo y regresión.
A16: 4 | B16: No ejecutar escrituras contra Production sin autorización.
A17: 5 | B17: Todo bloqueo o decisión debe quedar registrado en MVP Control.

Sheet Instrucciones
A1: Cómo usar este archivo
A3: Paso | B3: Acción | C3: Responsable | D3: Evidencia esperada | E3: Cuándo avanzar | F3: Si falla
A4: 1 | B4: Confirmar alcance del ticket y dependencias | C4: AGLNET / Vission | D4: Decisión en columna P | E4: Alcance confirmado | F4: Marcar Bloqueado
A5: 2 | B5: Analizar únicamente el ticket activo en Codex | C5: Israel | D5: Archivos y causa identificados | E5: Impacto entendido | F5: No modificar código
A6: 3 | B6: Realizar cambio mínimo seguro | C6: Israel | D6: Diff controlado | E6: Build correcto | F6: Revertir o corregir
A7: 4 | B7: Ejecutar prueba del caso objetivo | C7: Israel | D7: Resultado y evidencia | E7: Prueba aprobada | F7: Regresar a desarrollo
A8: 5 | B8: Ejecutar regresión relacionada | C8: Israel / AGLNET | D8: Checklist aprobado | E8: Sin regresiones | F8: No cerrar
A9: 6 | B9: Crear PR y registrar evidencia | C9: Israel | D9: URL o identificador en columna Q | E9: Revisión aprobada | F9: Corregir observaciones
A10: 7 | B10: Cerrar ticket | C10: AGLNET | D10: Estado Cerrado + fecha real | E10: Criterios cumplidos | F10: Mantener abierto
